,NEstem,TA,NE
Notch2,10,1,0
Hes1,5,1,0
Nrarp,1,0,0
p53,0,0,0
Rb,0,0,0
Hes6,1,0,0
Jag1,1,0,0
Piezo2,1,0,1
Ret,1,0,1
Ptprz1,1,0,1
Scnn1a,1,0,1
Trpm7,1,0,1
Chga,1,0,1
Ddc,1,0,1
Gad1,1,0,1
Pcsk1,1,0,1
Ptprn,1,0,1
Scg2,1,0,1
Snap25,1,0,1
Syt7,1,0,1
Casr,1,0,1
Kcnk2,1,0,1
Slit,0,0,1
Resp18,0,0,1
Rapgef4,0,0,1
Slitrk2,0,0,1
Fn13,0,0,1
Rn18s,0,0,1
Gm6548,0,0,1
Zrsr1,0,0,1
Ascl1,1,0,1
Calca,0,0,1
Scgb3a2,0,1,0
Cbr2,0,1,0
Lyz2,0,1,0
Foxj1,0,1,0
Myb,0,1,0
Sftpc,0,1,0
Fmo2,0,1,0
Cyp2f2,0,1,0
Sftpa1,0,1,0
Sparc,0,1,0
Serping1,0,1,0
Lyz1,0,1,0
Ppic,0,1,0
Fstl1,0,1,0
Anxa3,0,1,0
Foxq`,0,1,0
Cd74,0,1,0
Ctsh,0,1,0
Ldhb,0,1,0
Ptgr1,0,1,0
Slcbal4,0,1,0
Sftpd,0,1,0